create database exam;

create EXTENSION "uuid-ossp";

create type event_type as enum('online', 'offline');
create type status as enum('pending', 'confired', 'canceled');


drop table users;
create table users(
    user_id uuid default uuid_generate_v4() primary key,
    username varchar(30) not null,
    password varchar(100) not null
);


drop table categories;
create table categories(
    category_id uuid default uuid_generate_v4() primary key,
    category_name varchar(50) not null
);


drop table sub_categories;
create table sub_categories(
    sub_category_id uuid default uuid_generate_v4() primary key,
    category_id uuid references categories(category_id) ON DELETE CASCADE not null,
    sub_category_name varchar(50) not null
);


drop table posts;
create table posts(
    post_id uuid default uuid_generate_v4() primary key,
    post_title text not null,
    post_img text not null,
    post_desc text not null,
    post_text text not null,
    post_date timestamp not null,
    post_time time not null,
    fullname varchar(50) not null,
    profession varchar(50) not null,
    phone_num text not null,
    additional_phone_num text not null,
    post_status status default 'pending',
    post_category uuid references categories(category_id) ON DELETE CASCADE not null,
    post_subcategory uuid references sub_categories(sub_category_id) ON DELETE CASCADE not null,
    post_type event_type not null,
    post_link text check (post_link ~ '^((ftp|http|https):\/\/)?(www\.)?([A-Za-zА-Яа-я0-9]{1}[A-Za-zА-Яа-я0-9\-]*\.?)*\.{1}[A-Za-zА-Яа-я0-9-]{2,8}(\/([\w#!:.?+=&%@!\-\/])*)?') not null
);


drop table comments;
create table comments(
    comment_id uuid default uuid_generate_v4(),
    user_id uuid references users(user_id) ON DELETE CASCADE not null,
    post_id uuid references posts(post_id) ON DELETE CASCADE not null,
    comment_body text not null
);



insert into categories(category_id, category_name) values('4a7bb60c-92de-4cfd-9e7a-37cf77dd36c1', 'IT');
insert into categories(category_id, category_name) values('9919b50f-580e-49a4-bff3-83fe7850e539', 'Dizayn');
insert into categories(category_id, category_name) values('648cb87d-bae6-41d8-b23c-67ff7a61b90d', 'Biznes');
insert into categories(category_id, category_name) values('449ff003-473b-4bd6-b103-b5e8b5c5092b','Talim');

insert into sub_categories(category_id, sub_category_id, sub_category_name) values('4a7bb60c-92de-4cfd-9e7a-37cf77dd36c1', 'dba0a905-7f28-41e0-95fe-e142982a37cd', 'Web dasturlash'), ('4a7bb60c-92de-4cfd-9e7a-37cf77dd36c1', '307e7bdc-a942-4b27-a763-c8e554cb021a', 'Mobile dasturlash');
insert into sub_categories(category_id, sub_category_id, sub_category_name) values('9919b50f-580e-49a4-bff3-83fe7850e539', 'd2cf515c-0fa4-4b91-a95d-639df73c6f29', 'UI/UX dizayn'), ('9919b50f-580e-49a4-bff3-83fe7850e539', 'd7b56899-8213-4253-8d3e-f16048ce5e80', 'Grafik dizayn');
insert into sub_categories(category_id, sub_category_id, sub_category_name) values('648cb87d-bae6-41d8-b23c-67ff7a61b90d', '10f31064-54e7-4baa-bf28-03d7004c38e0', 'Menejment'), ('648cb87d-bae6-41d8-b23c-67ff7a61b90d', '394d0191-171e-446a-9922-08644c857e4a', 'Kredit va audit');
insert into sub_categories(category_id, sub_category_id, sub_category_name) values('449ff003-473b-4bd6-b103-b5e8b5c5092b', 'f3ebf4bf-62d5-4b3d-9935-4e7b998a5899', 'Matematika'), ('449ff003-473b-4bd6-b103-b5e8b5c5092b', '0a18763e-cb44-46de-a4c7-6f9ff3379acf', 'Fizika');


insert into posts (post_title, post_img, post_desc, post_text, post_date, post_time, fullname, profession, phone_num, additional_phone_num, post_category, post_subcategory, post_type, post_link, post_status) values ('nibh in hac habitasse platea dictumst aliquam augue', 'https://robohash.org/sedmollitiaanimi.png?size=50x50&set=set1', 'Praesent id massa id nisl venenatis lacinia.', 'Vestibulum ante ipsum primis in faucibus orci luctus et ultrices posuere cubilia Curae; Donec pharetra, magna vestibulum aliquet ultrices, erat tortor sollicitudin mi, sit amet lobortis sapien sapien non mi. Integer ac neque. Duis bibendum. Morbi non quam nec dui luctus rutrum. Nulla tellus. In sagittis dui vel nisl. Duis ac nibh. Fusce lacus purus, aliquet at, feugiat non, pretium quis, lectus. Suspendisse potenti. In eleifend quam a odio. In hac habitasse platea dictumst. Maecenas ut massa quis augue luctus tincidunt. Nulla mollis molestie lorem. Quisque ut erat. Curabitur gravida nisi at nibh. In hac habitasse platea dictumst. Aliquam augue quam, sollicitudin vitae, consectetuer eget, rutrum at, lorem. Integer tincidunt ante vel ipsum. Praesent blandit lacinia erat. Vestibulum sed magna at nunc commodo placerat. Praesent blandit. Nam nulla. Integer pede justo, lacinia eget, tincidunt eget, tempus vel, pede.', '2021/08/01', '12:24', 'Amanda Methingam', 'Food Chemist', '805 970 2224', '685-929-9300', '4a7bb60c-92de-4cfd-9e7a-37cf77dd36c1', '307e7bdc-a942-4b27-a763-c8e554cb021a', 'offline', 'https://theatlantic.com/ut.html', 'pending');
insert into posts (post_title, post_img, post_desc, post_text, post_date, post_time, fullname, profession, phone_num, additional_phone_num, post_category, post_subcategory, post_type, post_link, post_status) values ('ac consequat metus sapien ut nunc vestibulum ante ipsum primis in faucibus orci luctus et', 'https://robohash.org/laborererumquae.png?size=50x50&set=set1', 'Fusce consequat. Nulla nisl. Nunc nisl.', 'Suspendisse ornare consequat lectus. In est risus, auctor sed, tristique in, tempus sit amet, sem. Fusce consequat. Nulla nisl. Nunc nisl. Duis bibendum, felis sed interdum venenatis, turpis enim blandit mi, in porttitor pede justo eu massa. Donec dapibus. Duis at velit eu est congue elementum. In hac habitasse platea dictumst. Morbi vestibulum, velit id pretium iaculis, diam erat fermentum justo, nec condimentum neque sapien placerat ante. Nulla justo. Aliquam quis turpis eget elit sodales scelerisque. Mauris sit amet eros. Suspendisse accumsan tortor quis turpis. Sed ante. Vivamus tortor. Duis mattis egestas metus. Aenean fermentum. Donec ut mauris eget massa tempor convallis. Nulla neque libero, convallis eget, eleifend luctus, ultricies eu, nibh. Quisque id justo sit amet sapien dignissim vestibulum. Vestibulum ante ipsum primis in faucibus orci luctus et ultrices posuere cubilia Curae; Nulla dapibus dolor vel est. Donec odio justo, sollicitudin ut, suscipit a, feugiat et, eros.', '2021/08/22', '15:14', 'Carolynn Pickard', 'Help Desk Operator', '349 966 0131', '601-398-3347', '648cb87d-bae6-41d8-b23c-67ff7a61b90d', 'd7b56899-8213-4253-8d3e-f16048ce5e80', 'online', 'https://seattletimes.com/tristique.png', 'confired');
insert into posts (post_title, post_img, post_desc, post_text, post_date, post_time, fullname, profession, phone_num, additional_phone_num, post_category, post_subcategory, post_type, post_link, post_status) values ('semper est quam pharetra magna ac consequat metus sapien ut nunc vestibulum ante ipsum', 'https://robohash.org/estfugiatvoluptatem.png?size=50x50&set=set1', 'Nunc nisl. Duis bibendum, felis sed interdum venenatis, turpis enim blandit mi, in porttitor pede justo eu massa. Donec dapibus.', 'Nam nulla. Integer pede justo, lacinia eget, tincidunt eget, tempus vel, pede. Morbi porttitor lorem id ligula. Suspendisse ornare consequat lectus. In est risus, auctor sed, tristique in, tempus sit amet, sem. Fusce consequat. Nulla nisl. Nunc nisl. Duis bibendum, felis sed interdum venenatis, turpis enim blandit mi, in porttitor pede justo eu massa. Donec dapibus. Duis at velit eu est congue elementum. In hac habitasse platea dictumst. Morbi vestibulum, velit id pretium iaculis, diam erat fermentum justo, nec condimentum neque sapien placerat ante. Nulla justo. Aliquam quis turpis eget elit sodales scelerisque. Mauris sit amet eros. Suspendisse accumsan tortor quis turpis. Sed ante. Vivamus tortor. Duis mattis egestas metus. Aenean fermentum. Donec ut mauris eget massa tempor convallis. Nulla neque libero, convallis eget, eleifend luctus, ultricies eu, nibh. Quisque id justo sit amet sapien dignissim vestibulum.', '2022/01/14', '20:32', 'Mercie Pople', 'Project Manager', '499 354 4660', '293-488-8956', '648cb87d-bae6-41d8-b23c-67ff7a61b90d', 'f3ebf4bf-62d5-4b3d-9935-4e7b998a5899', 'online', 'http://who.int/volutpat/quam/pede.jpg', 'pending');
insert into posts (post_title, post_img, post_desc, post_text, post_date, post_time, fullname, profession, phone_num, additional_phone_num, post_category, post_subcategory, post_type, post_link, post_status) values ('rhoncus mauris enim leo rhoncus sed vestibulum sit amet cursus id', 'https://robohash.org/temporibusdolorasperiores.png?size=50x50&set=set1', 'Donec ut dolor.', 'Donec odio justo, sollicitudin ut, suscipit a, feugiat et, eros. Vestibulum ac est lacinia nisi venenatis tristique. Fusce congue, diam id ornare imperdiet, sapien urna pretium nisl, ut volutpat sapien arcu sed augue. Aliquam erat volutpat. In congue. Etiam justo. Etiam pretium iaculis justo. In hac habitasse platea dictumst. Etiam faucibus cursus urna. Ut tellus. Nulla ut erat id mauris vulputate elementum. Nullam varius. Nulla facilisi. Cras non velit nec nisi vulputate nonummy. Maecenas tincidunt lacus at velit. Vivamus vel nulla eget eros elementum pellentesque. Quisque porta volutpat erat. Quisque erat eros, viverra eget, congue eget, semper rutrum, nulla.', '2022/03/15', '4:15', 'Kiley Van Dalen', 'Editor', '277 120 9863', '671-374-6194', '4a7bb60c-92de-4cfd-9e7a-37cf77dd36c1', 'd7b56899-8213-4253-8d3e-f16048ce5e80', 'online', 'http://state.gov/id/mauris/vulputate/elementum.xml', 'confired');
insert into posts (post_title, post_img, post_desc, post_text, post_date, post_time, fullname, profession, phone_num, additional_phone_num, post_category, post_subcategory, post_type, post_link, post_status) values ('ipsum primis in faucibus orci luctus et', 'https://robohash.org/itaquenonexcepturi.png?size=50x50&set=set1', 'Morbi odio odio, elementum eu, interdum eu, tincidunt in, leo. Maecenas pulvinar lobortis est. Phasellus sit amet erat.', 'Curabitur in libero ut massa volutpat convallis. Morbi odio odio, elementum eu, interdum eu, tincidunt in, leo. Maecenas pulvinar lobortis est. Phasellus sit amet erat. Nulla tempus. Vivamus in felis eu sapien cursus vestibulum. Proin eu mi. Nulla ac enim. In tempor, turpis nec euismod scelerisque, quam turpis adipiscing lorem, vitae mattis nibh ligula nec sem. Duis aliquam convallis nunc. Proin at turpis a pede posuere nonummy. Integer non velit. Donec diam neque, vestibulum eget, vulputate ut, ultrices vel, augue. Vestibulum ante ipsum primis in faucibus orci luctus et ultrices posuere cubilia Curae; Donec pharetra, magna vestibulum aliquet ultrices, erat tortor sollicitudin mi, sit amet lobortis sapien sapien non mi. Integer ac neque. Duis bibendum. Morbi non quam nec dui luctus rutrum. Nulla tellus. In sagittis dui vel nisl. Duis ac nibh. Fusce lacus purus, aliquet at, feugiat non, pretium quis, lectus. Suspendisse potenti. In eleifend quam a odio. In hac habitasse platea dictumst. Maecenas ut massa quis augue luctus tincidunt. Nulla mollis molestie lorem. Quisque ut erat. Curabitur gravida nisi at nibh. In hac habitasse platea dictumst.', '2021/12/15', '5:12', 'Mick Matthewman', 'Payment Adjustment Coordinator', '705 841 2864', '218-764-3756', '449ff003-473b-4bd6-b103-b5e8b5c5092b', '307e7bdc-a942-4b27-a763-c8e554cb021a', 'online', 'https://seesaa.net/eu/nibh/quisque/id.png', 'confired');
insert into posts (post_title, post_img, post_desc, post_text, post_date, post_time, fullname, profession, phone_num, additional_phone_num, post_category, post_subcategory, post_type, post_link, post_status) values ('augue a suscipit nulla elit ac nulla sed', 'https://robohash.org/laudantiumundenon.png?size=50x50&set=set1', 'Nulla neque libero, convallis eget, eleifend luctus, ultricies eu, nibh. Quisque id justo sit amet sapien dignissim vestibulum.', 'Praesent lectus. Vestibulum quam sapien, varius ut, blandit non, interdum in, ante. Vestibulum ante ipsum primis in faucibus orci luctus et ultrices posuere cubilia Curae; Duis faucibus accumsan odio. Curabitur convallis. Duis consequat dui nec nisi volutpat eleifend. Donec ut dolor. Morbi vel lectus in quam fringilla rhoncus. Mauris enim leo, rhoncus sed, vestibulum sit amet, cursus id, turpis. Integer aliquet, massa id lobortis convallis, tortor risus dapibus augue, vel accumsan tellus nisi eu orci. Mauris lacinia sapien quis libero. Nullam sit amet turpis elementum ligula vehicula consequat. Morbi a ipsum. Integer a nibh. In quis justo. Maecenas rhoncus aliquam lacus. Morbi quis tortor id nulla ultrices aliquet. Maecenas leo odio, condimentum id, luctus nec, molestie sed, justo. Pellentesque viverra pede ac diam. Cras pellentesque volutpat dui. Maecenas tristique, est et tempus semper, est quam pharetra magna, ac consequat metus sapien ut nunc.', '2021/10/24', '4:51', 'Linnet Ladewig', 'Staff Scientist', '372 270 2107', '179-496-9426', '9919b50f-580e-49a4-bff3-83fe7850e539', 'd2cf515c-0fa4-4b91-a95d-639df73c6f29', 'offline', 'http://patch.com/quam/pede.html', 'pending');
insert into posts (post_title, post_img, post_desc, post_text, post_date, post_time, fullname, profession, phone_num, additional_phone_num, post_category, post_subcategory, post_type, post_link, post_status) values ('dolor sit amet consectetuer adipiscing elit', 'https://robohash.org/esseperferendiset.png?size=50x50&set=set1', 'Quisque ut erat.', 'Fusce congue, diam id ornare imperdiet, sapien urna pretium nisl, ut volutpat sapien arcu sed augue. Aliquam erat volutpat. In congue. Etiam justo. Etiam pretium iaculis justo. In hac habitasse platea dictumst. Etiam faucibus cursus urna. Ut tellus. Nulla ut erat id mauris vulputate elementum. Nullam varius. Nulla facilisi. Cras non velit nec nisi vulputate nonummy. Maecenas tincidunt lacus at velit.', '2022/07/11', '18:27', 'Lincoln Redborn', 'Staff Scientist', '287 204 0158', '527-528-3012', '9919b50f-580e-49a4-bff3-83fe7850e539', '394d0191-171e-446a-9922-08644c857e4a', 'offline', 'https://google.co.uk/cubilia/curae/nulla/dapibus/dolor.js', 'pending');
insert into posts (post_title, post_img, post_desc, post_text, post_date, post_time, fullname, profession, phone_num, additional_phone_num, post_category, post_subcategory, post_type, post_link, post_status) values ('purus aliquet at feugiat non pretium quis lectus', 'https://robohash.org/utinaspernatur.png?size=50x50&set=set1', 'Proin eu mi.', 'In est risus, auctor sed, tristique in, tempus sit amet, sem. Fusce consequat. Nulla nisl. Nunc nisl. Duis bibendum, felis sed interdum venenatis, turpis enim blandit mi, in porttitor pede justo eu massa. Donec dapibus. Duis at velit eu est congue elementum. In hac habitasse platea dictumst. Morbi vestibulum, velit id pretium iaculis, diam erat fermentum justo, nec condimentum neque sapien placerat ante. Nulla justo. Aliquam quis turpis eget elit sodales scelerisque. Mauris sit amet eros. Suspendisse accumsan tortor quis turpis. Sed ante. Vivamus tortor. Duis mattis egestas metus. Aenean fermentum. Donec ut mauris eget massa tempor convallis. Nulla neque libero, convallis eget, eleifend luctus, ultricies eu, nibh. Quisque id justo sit amet sapien dignissim vestibulum. Vestibulum ante ipsum primis in faucibus orci luctus et ultrices posuere cubilia Curae; Nulla dapibus dolor vel est. Donec odio justo, sollicitudin ut, suscipit a, feugiat et, eros. Vestibulum ac est lacinia nisi venenatis tristique. Fusce congue, diam id ornare imperdiet, sapien urna pretium nisl, ut volutpat sapien arcu sed augue. Aliquam erat volutpat. In congue. Etiam justo. Etiam pretium iaculis justo. In hac habitasse platea dictumst.', '2021/12/18', '23:06', 'Marijn Olliffe', 'Office Assistant I', '253 968 8900', '591-696-1779', '449ff003-473b-4bd6-b103-b5e8b5c5092b', 'd2cf515c-0fa4-4b91-a95d-639df73c6f29', 'online', 'https://elegantthemes.com/convallis/morbi.json', 'confired');
insert into posts (post_title, post_img, post_desc, post_text, post_date, post_time, fullname, profession, phone_num, additional_phone_num, post_category, post_subcategory, post_type, post_link, post_status) values ('ac neque duis bibendum morbi non', 'https://robohash.org/perspiciatisrerumfacere.png?size=50x50&set=set1', 'Integer aliquet, massa id lobortis convallis, tortor risus dapibus augue, vel accumsan tellus nisi eu orci. Mauris lacinia sapien quis libero. Nullam sit amet turpis elementum ligula vehicula consequat.', 'Nunc rhoncus dui vel sem. Sed sagittis. Nam congue, risus semper porta volutpat, quam pede lobortis ligula, sit amet eleifend pede libero quis orci. Nullam molestie nibh in lectus. Pellentesque at nulla. Suspendisse potenti. Cras in purus eu magna vulputate luctus. Cum sociis natoque penatibus et magnis dis parturient montes, nascetur ridiculus mus. Vivamus vestibulum sagittis sapien. Cum sociis natoque penatibus et magnis dis parturient montes, nascetur ridiculus mus. Etiam vel augue. Vestibulum rutrum rutrum neque. Aenean auctor gravida sem. Praesent id massa id nisl venenatis lacinia. Aenean sit amet justo. Morbi ut odio. Cras mi pede, malesuada in, imperdiet et, commodo vulputate, justo. In blandit ultrices enim. Lorem ipsum dolor sit amet, consectetuer adipiscing elit. Proin interdum mauris non ligula pellentesque ultrices. Phasellus id sapien in sapien iaculis congue. Vivamus metus arcu, adipiscing molestie, hendrerit at, vulputate vitae, nisl. Aenean lectus. Pellentesque eget nunc. Donec quis orci eget orci vehicula condimentum. Curabitur in libero ut massa volutpat convallis. Morbi odio odio, elementum eu, interdum eu, tincidunt in, leo. Maecenas pulvinar lobortis est. Phasellus sit amet erat. Nulla tempus.', '2022/07/06', '20:21', 'Bailie De Moreno', 'Marketing Manager', '458 760 5640', '279-868-9944', '449ff003-473b-4bd6-b103-b5e8b5c5092b', 'f3ebf4bf-62d5-4b3d-9935-4e7b998a5899', 'online', 'https://clickbank.net/venenatis/non/sodales/sed/tincidunt/eu.js', 'confired');
insert into posts (post_title, post_img, post_desc, post_text, post_date, post_time, fullname, profession, phone_num, additional_phone_num, post_category, post_subcategory, post_type, post_link, post_status) values ('pretium iaculis justo in hac habitasse platea dictumst', 'https://robohash.org/temporautsuscipit.png?size=50x50&set=set1', 'Praesent blandit. Nam nulla. Integer pede justo, lacinia eget, tincidunt eget, tempus vel, pede.', 'Morbi quis tortor id nulla ultrices aliquet. Maecenas leo odio, condimentum id, luctus nec, molestie sed, justo. Pellentesque viverra pede ac diam. Cras pellentesque volutpat dui. Maecenas tristique, est et tempus semper, est quam pharetra magna, ac consequat metus sapien ut nunc. Vestibulum ante ipsum primis in faucibus orci luctus et ultrices posuere cubilia Curae; Mauris viverra diam vitae quam. Suspendisse potenti. Nullam porttitor lacus at turpis. Donec posuere metus vitae ipsum. Aliquam non mauris. Morbi non lectus. Aliquam sit amet diam in magna bibendum imperdiet. Nullam orci pede, venenatis non, sodales sed, tincidunt eu, felis. Fusce posuere felis sed lacus. Morbi sem mauris, laoreet ut, rhoncus aliquet, pulvinar sed, nisl.', '2022/03/30', '16:16', 'Myranda Sweett', 'Staff Scientist', '804 414 2752', '136-439-8637', '449ff003-473b-4bd6-b103-b5e8b5c5092b', 'dba0a905-7f28-41e0-95fe-e142982a37cd', 'online', 'http://latimes.com/phasellus/in/felis/donec.jsp', 'pending');
insert into posts (post_title, post_img, post_desc, post_text, post_date, post_time, fullname, profession, phone_num, additional_phone_num, post_category, post_subcategory, post_type, post_link, post_status) values ('at feugiat non pretium quis lectus suspendisse', 'https://robohash.org/etexitaque.png?size=50x50&set=set1', 'Maecenas pulvinar lobortis est. Phasellus sit amet erat. Nulla tempus.', 'Proin interdum mauris non ligula pellentesque ultrices. Phasellus id sapien in sapien iaculis congue. Vivamus metus arcu, adipiscing molestie, hendrerit at, vulputate vitae, nisl. Aenean lectus. Pellentesque eget nunc. Donec quis orci eget orci vehicula condimentum. Curabitur in libero ut massa volutpat convallis. Morbi odio odio, elementum eu, interdum eu, tincidunt in, leo. Maecenas pulvinar lobortis est. Phasellus sit amet erat. Nulla tempus. Vivamus in felis eu sapien cursus vestibulum. Proin eu mi. Nulla ac enim. In tempor, turpis nec euismod scelerisque, quam turpis adipiscing lorem, vitae mattis nibh ligula nec sem. Duis aliquam convallis nunc. Proin at turpis a pede posuere nonummy. Integer non velit. Donec diam neque, vestibulum eget, vulputate ut, ultrices vel, augue. Vestibulum ante ipsum primis in faucibus orci luctus et ultrices posuere cubilia Curae; Donec pharetra, magna vestibulum aliquet ultrices, erat tortor sollicitudin mi, sit amet lobortis sapien sapien non mi. Integer ac neque. Duis bibendum. Morbi non quam nec dui luctus rutrum. Nulla tellus. In sagittis dui vel nisl. Duis ac nibh.', '2021/08/10', '1:43', 'Gianni Walkinshaw', 'Clinical Specialist', '874 413 5934', '604-490-2997', '9919b50f-580e-49a4-bff3-83fe7850e539', '307e7bdc-a942-4b27-a763-c8e554cb021a', 'offline', 'http://alexa.com/ornare/consequat/lectus/in.jsp', 'confired');
insert into posts (post_title, post_img, post_desc, post_text, post_date, post_time, fullname, profession, phone_num, additional_phone_num, post_category, post_subcategory, post_type, post_link, post_status) values ('praesent lectus vestibulum quam sapien varius ut blandit non', 'https://robohash.org/eosperspiciatisdicta.png?size=50x50&set=set1', 'Maecenas rhoncus aliquam lacus. Morbi quis tortor id nulla ultrices aliquet. Maecenas leo odio, condimentum id, luctus nec, molestie sed, justo.', 'Morbi quis tortor id nulla ultrices aliquet. Maecenas leo odio, condimentum id, luctus nec, molestie sed, justo. Pellentesque viverra pede ac diam. Cras pellentesque volutpat dui. Maecenas tristique, est et tempus semper, est quam pharetra magna, ac consequat metus sapien ut nunc. Vestibulum ante ipsum primis in faucibus orci luctus et ultrices posuere cubilia Curae; Mauris viverra diam vitae quam. Suspendisse potenti. Nullam porttitor lacus at turpis. Donec posuere metus vitae ipsum. Aliquam non mauris. Morbi non lectus. Aliquam sit amet diam in magna bibendum imperdiet. Nullam orci pede, venenatis non, sodales sed, tincidunt eu, felis. Fusce posuere felis sed lacus. Morbi sem mauris, laoreet ut, rhoncus aliquet, pulvinar sed, nisl. Nunc rhoncus dui vel sem. Sed sagittis. Nam congue, risus semper porta volutpat, quam pede lobortis ligula, sit amet eleifend pede libero quis orci. Nullam molestie nibh in lectus. Pellentesque at nulla. Suspendisse potenti. Cras in purus eu magna vulputate luctus. Cum sociis natoque penatibus et magnis dis parturient montes, nascetur ridiculus mus. Vivamus vestibulum sagittis sapien. Cum sociis natoque penatibus et magnis dis parturient montes, nascetur ridiculus mus. Etiam vel augue. Vestibulum rutrum rutrum neque.', '2021/09/04', '7:35', 'Blakeley Tomasek', 'Administrative Officer', '210 467 9688', '911-578-0295', '449ff003-473b-4bd6-b103-b5e8b5c5092b', 'dba0a905-7f28-41e0-95fe-e142982a37cd', 'offline', 'http://google.ru/lectus/pellentesque.html', 'confired');
insert into posts (post_title, post_img, post_desc, post_text, post_date, post_time, fullname, profession, phone_num, additional_phone_num, post_category, post_subcategory, post_type, post_link, post_status) values ('cras in purus eu magna vulputate luctus cum sociis natoque penatibus et magnis', 'https://robohash.org/evenietesttemporibus.png?size=50x50&set=set1', 'Morbi vel lectus in quam fringilla rhoncus. Mauris enim leo, rhoncus sed, vestibulum sit amet, cursus id, turpis.', 'Integer pede justo, lacinia eget, tincidunt eget, tempus vel, pede. Morbi porttitor lorem id ligula. Suspendisse ornare consequat lectus. In est risus, auctor sed, tristique in, tempus sit amet, sem. Fusce consequat. Nulla nisl. Nunc nisl. Duis bibendum, felis sed interdum venenatis, turpis enim blandit mi, in porttitor pede justo eu massa. Donec dapibus. Duis at velit eu est congue elementum. In hac habitasse platea dictumst. Morbi vestibulum, velit id pretium iaculis, diam erat fermentum justo, nec condimentum neque sapien placerat ante. Nulla justo. Aliquam quis turpis eget elit sodales scelerisque. Mauris sit amet eros. Suspendisse accumsan tortor quis turpis. Sed ante. Vivamus tortor. Duis mattis egestas metus. Aenean fermentum.', '2022/07/11', '14:47', 'Tatum Humphris', 'Web Designer II', '688 821 8497', '476-977-2213', '9919b50f-580e-49a4-bff3-83fe7850e539', '307e7bdc-a942-4b27-a763-c8e554cb021a', 'online', 'https://miitbeian.gov.cn/porttitor.html', 'confired');
insert into posts (post_title, post_img, post_desc, post_text, post_date, post_time, fullname, profession, phone_num, additional_phone_num, post_category, post_subcategory, post_type, post_link, post_status) values ('eget congue eget semper rutrum nulla nunc purus phasellus in felis donec semper sapien', 'https://robohash.org/quoodioenim.png?size=50x50&set=set1', 'Suspendisse potenti. In eleifend quam a odio.', 'Integer non velit. Donec diam neque, vestibulum eget, vulputate ut, ultrices vel, augue. Vestibulum ante ipsum primis in faucibus orci luctus et ultrices posuere cubilia Curae; Donec pharetra, magna vestibulum aliquet ultrices, erat tortor sollicitudin mi, sit amet lobortis sapien sapien non mi. Integer ac neque. Duis bibendum. Morbi non quam nec dui luctus rutrum. Nulla tellus. In sagittis dui vel nisl. Duis ac nibh. Fusce lacus purus, aliquet at, feugiat non, pretium quis, lectus. Suspendisse potenti.', '2022/02/07', '23:21', 'Benjamin Grece', 'Assistant Media Planner', '828 904 3033', '602-947-7339', '4a7bb60c-92de-4cfd-9e7a-37cf77dd36c1', 'f3ebf4bf-62d5-4b3d-9935-4e7b998a5899', 'offline', 'https://miitbeian.gov.cn/quam/sapien/varius/ut/blandit.html', 'confired');
insert into posts (post_title, post_img, post_desc, post_text, post_date, post_time, fullname, profession, phone_num, additional_phone_num, post_category, post_subcategory, post_type, post_link, post_status) values ('tellus nulla ut erat id mauris', 'https://robohash.org/culpaquamdeserunt.png?size=50x50&set=set1', 'Aliquam sit amet diam in magna bibendum imperdiet. Nullam orci pede, venenatis non, sodales sed, tincidunt eu, felis. Fusce posuere felis sed lacus.', 'Quisque porta volutpat erat. Quisque erat eros, viverra eget, congue eget, semper rutrum, nulla. Nunc purus. Phasellus in felis. Donec semper sapien a libero. Nam dui. Proin leo odio, porttitor id, consequat in, consequat ut, nulla. Sed accumsan felis. Ut at dolor quis odio consequat varius. Integer ac leo. Pellentesque ultrices mattis odio. Donec vitae nisi. Nam ultrices, libero non mattis pulvinar, nulla pede ullamcorper augue, a suscipit nulla elit ac nulla. Sed vel enim sit amet nunc viverra dapibus. Nulla suscipit ligula in lacus. Curabitur at ipsum ac tellus semper interdum.', '2022/06/05', '20:01', 'Rudyard Kase', 'Financial Advisor', '172 362 9819', '280-801-7530', '648cb87d-bae6-41d8-b23c-67ff7a61b90d', 'dba0a905-7f28-41e0-95fe-e142982a37cd', 'online', 'http://mac.com/non/velit/nec/nisi/vulputate/nonummy/maecenas.jsp', 'confired');
insert into posts (post_title, post_img, post_desc, post_text, post_date, post_time, fullname, profession, phone_num, additional_phone_num, post_category, post_subcategory, post_type, post_link, post_status) values ('nisl ut volutpat sapien arcu sed augue aliquam erat', 'https://robohash.org/recusandaemodieos.png?size=50x50&set=set1', 'Suspendisse potenti.', 'Curabitur in libero ut massa volutpat convallis. Morbi odio odio, elementum eu, interdum eu, tincidunt in, leo. Maecenas pulvinar lobortis est. Phasellus sit amet erat. Nulla tempus. Vivamus in felis eu sapien cursus vestibulum. Proin eu mi. Nulla ac enim. In tempor, turpis nec euismod scelerisque, quam turpis adipiscing lorem, vitae mattis nibh ligula nec sem. Duis aliquam convallis nunc. Proin at turpis a pede posuere nonummy. Integer non velit. Donec diam neque, vestibulum eget, vulputate ut, ultrices vel, augue. Vestibulum ante ipsum primis in faucibus orci luctus et ultrices posuere cubilia Curae; Donec pharetra, magna vestibulum aliquet ultrices, erat tortor sollicitudin mi, sit amet lobortis sapien sapien non mi. Integer ac neque.', '2022/07/02', '23:36', 'Virgie Stroud', 'Senior Editor', '860 755 4628', '626-536-1854', '648cb87d-bae6-41d8-b23c-67ff7a61b90d', '0a18763e-cb44-46de-a4c7-6f9ff3379acf', 'offline', 'https://go.com/posuere/cubilia/curae/donec/pharetra/magna/vestibulum.html', 'confired');
insert into posts (post_title, post_img, post_desc, post_text, post_date, post_time, fullname, profession, phone_num, additional_phone_num, post_category, post_subcategory, post_type, post_link, post_status) values ('dapibus dolor vel est donec odio justo sollicitudin ut suscipit a feugiat', 'https://robohash.org/auteumodio.png?size=50x50&set=set1', 'Duis at velit eu est congue elementum. In hac habitasse platea dictumst.', 'Morbi vel lectus in quam fringilla rhoncus. Mauris enim leo, rhoncus sed, vestibulum sit amet, cursus id, turpis. Integer aliquet, massa id lobortis convallis, tortor risus dapibus augue, vel accumsan tellus nisi eu orci. Mauris lacinia sapien quis libero. Nullam sit amet turpis elementum ligula vehicula consequat. Morbi a ipsum. Integer a nibh. In quis justo. Maecenas rhoncus aliquam lacus. Morbi quis tortor id nulla ultrices aliquet. Maecenas leo odio, condimentum id, luctus nec, molestie sed, justo. Pellentesque viverra pede ac diam. Cras pellentesque volutpat dui. Maecenas tristique, est et tempus semper, est quam pharetra magna, ac consequat metus sapien ut nunc. Vestibulum ante ipsum primis in faucibus orci luctus et ultrices posuere cubilia Curae; Mauris viverra diam vitae quam. Suspendisse potenti. Nullam porttitor lacus at turpis.', '2021/11/19', '7:15', 'Taffy Kondratyuk', 'Occupational Therapist', '708 436 0117', '544-859-6130', '4a7bb60c-92de-4cfd-9e7a-37cf77dd36c1', '394d0191-171e-446a-9922-08644c857e4a', 'offline', 'https://columbia.edu/feugiat/et/eros.aspx', 'confired');
insert into posts (post_title, post_img, post_desc, post_text, post_date, post_time, fullname, profession, phone_num, additional_phone_num, post_category, post_subcategory, post_type, post_link, post_status) values ('dui maecenas tristique est et tempus semper est quam pharetra magna', 'https://robohash.org/voluptatemdoloretemporibus.png?size=50x50&set=set1', 'In sagittis dui vel nisl. Duis ac nibh. Fusce lacus purus, aliquet at, feugiat non, pretium quis, lectus.', 'Curabitur gravida nisi at nibh. In hac habitasse platea dictumst. Aliquam augue quam, sollicitudin vitae, consectetuer eget, rutrum at, lorem. Integer tincidunt ante vel ipsum. Praesent blandit lacinia erat. Vestibulum sed magna at nunc commodo placerat. Praesent blandit. Nam nulla. Integer pede justo, lacinia eget, tincidunt eget, tempus vel, pede. Morbi porttitor lorem id ligula. Suspendisse ornare consequat lectus. In est risus, auctor sed, tristique in, tempus sit amet, sem. Fusce consequat. Nulla nisl. Nunc nisl. Duis bibendum, felis sed interdum venenatis, turpis enim blandit mi, in porttitor pede justo eu massa. Donec dapibus. Duis at velit eu est congue elementum. In hac habitasse platea dictumst. Morbi vestibulum, velit id pretium iaculis, diam erat fermentum justo, nec condimentum neque sapien placerat ante. Nulla justo. Aliquam quis turpis eget elit sodales scelerisque. Mauris sit amet eros. Suspendisse accumsan tortor quis turpis. Sed ante. Vivamus tortor. Duis mattis egestas metus.', '2021/12/27', '6:59', 'Corabel Aronovich', 'Software Consultant', '456 295 6317', '664-904-1072', '9919b50f-580e-49a4-bff3-83fe7850e539', 'd2cf515c-0fa4-4b91-a95d-639df73c6f29', 'online', 'http://nydailynews.com/vivamus/in.png', 'pending');
insert into posts (post_title, post_img, post_desc, post_text, post_date, post_time, fullname, profession, phone_num, additional_phone_num, post_category, post_subcategory, post_type, post_link, post_status) values ('tincidunt eget tempus vel pede morbi porttitor lorem id ligula suspendisse ornare consequat lectus in', 'https://robohash.org/mollitiaetnostrum.png?size=50x50&set=set1', 'Duis aliquam convallis nunc. Proin at turpis a pede posuere nonummy. Integer non velit.', 'Nullam orci pede, venenatis non, sodales sed, tincidunt eu, felis. Fusce posuere felis sed lacus. Morbi sem mauris, laoreet ut, rhoncus aliquet, pulvinar sed, nisl. Nunc rhoncus dui vel sem. Sed sagittis. Nam congue, risus semper porta volutpat, quam pede lobortis ligula, sit amet eleifend pede libero quis orci. Nullam molestie nibh in lectus. Pellentesque at nulla. Suspendisse potenti. Cras in purus eu magna vulputate luctus. Cum sociis natoque penatibus et magnis dis parturient montes, nascetur ridiculus mus. Vivamus vestibulum sagittis sapien. Cum sociis natoque penatibus et magnis dis parturient montes, nascetur ridiculus mus. Etiam vel augue. Vestibulum rutrum rutrum neque. Aenean auctor gravida sem. Praesent id massa id nisl venenatis lacinia. Aenean sit amet justo. Morbi ut odio. Cras mi pede, malesuada in, imperdiet et, commodo vulputate, justo. In blandit ultrices enim. Lorem ipsum dolor sit amet, consectetuer adipiscing elit. Proin interdum mauris non ligula pellentesque ultrices. Phasellus id sapien in sapien iaculis congue. Vivamus metus arcu, adipiscing molestie, hendrerit at, vulputate vitae, nisl. Aenean lectus. Pellentesque eget nunc. Donec quis orci eget orci vehicula condimentum. Curabitur in libero ut massa volutpat convallis. Morbi odio odio, elementum eu, interdum eu, tincidunt in, leo.', '2021/09/30', '22:20', 'Astra Aleksic', 'Engineer I', '689 845 1826', '627-234-6756', '9919b50f-580e-49a4-bff3-83fe7850e539', 'd7b56899-8213-4253-8d3e-f16048ce5e80', 'online', 'https://constantcontact.com/luctus/et/ultrices/posuere/cubilia/curae/nulla.jpg', 'pending');
insert into posts (post_title, post_img, post_desc, post_text, post_date, post_time, fullname, profession, phone_num, additional_phone_num, post_category, post_subcategory, post_type, post_link, post_status) values ('imperdiet et commodo vulputate justo', 'https://robohash.org/deseruntsintrecusandae.png?size=50x50&set=set1', 'Morbi vestibulum, velit id pretium iaculis, diam erat fermentum justo, nec condimentum neque sapien placerat ante. Nulla justo. Aliquam quis turpis eget elit sodales scelerisque.', 'Suspendisse accumsan tortor quis turpis. Sed ante. Vivamus tortor. Duis mattis egestas metus. Aenean fermentum. Donec ut mauris eget massa tempor convallis. Nulla neque libero, convallis eget, eleifend luctus, ultricies eu, nibh. Quisque id justo sit amet sapien dignissim vestibulum. Vestibulum ante ipsum primis in faucibus orci luctus et ultrices posuere cubilia Curae; Nulla dapibus dolor vel est. Donec odio justo, sollicitudin ut, suscipit a, feugiat et, eros. Vestibulum ac est lacinia nisi venenatis tristique. Fusce congue, diam id ornare imperdiet, sapien urna pretium nisl, ut volutpat sapien arcu sed augue. Aliquam erat volutpat. In congue. Etiam justo. Etiam pretium iaculis justo. In hac habitasse platea dictumst. Etiam faucibus cursus urna. Ut tellus.', '2022/07/03', '1:25', 'Seymour Aimable', 'Payment Adjustment Coordinator', '874 608 9271', '874-762-7428', '9919b50f-580e-49a4-bff3-83fe7850e539', 'dba0a905-7f28-41e0-95fe-e142982a37cd', 'online', 'http://com.com/dolor/vel/est/donec/odio.jpg', 'pending');
insert into posts (post_title, post_img, post_desc, post_text, post_date, post_time, fullname, profession, phone_num, additional_phone_num, post_category, post_subcategory, post_type, post_link, post_status) values ('nullam orci pede venenatis non sodales sed', 'https://robohash.org/quienimquia.png?size=50x50&set=set1', 'Aliquam erat volutpat. In congue. Etiam justo.', 'Nullam sit amet turpis elementum ligula vehicula consequat. Morbi a ipsum. Integer a nibh. In quis justo. Maecenas rhoncus aliquam lacus. Morbi quis tortor id nulla ultrices aliquet. Maecenas leo odio, condimentum id, luctus nec, molestie sed, justo. Pellentesque viverra pede ac diam. Cras pellentesque volutpat dui. Maecenas tristique, est et tempus semper, est quam pharetra magna, ac consequat metus sapien ut nunc. Vestibulum ante ipsum primis in faucibus orci luctus et ultrices posuere cubilia Curae; Mauris viverra diam vitae quam. Suspendisse potenti. Nullam porttitor lacus at turpis. Donec posuere metus vitae ipsum. Aliquam non mauris. Morbi non lectus. Aliquam sit amet diam in magna bibendum imperdiet. Nullam orci pede, venenatis non, sodales sed, tincidunt eu, felis. Fusce posuere felis sed lacus.', '2022/07/30', '22:11', 'Ashlen Dahlback', 'VP Accounting', '257 584 9870', '388-590-9731', '4a7bb60c-92de-4cfd-9e7a-37cf77dd36c1', 'dba0a905-7f28-41e0-95fe-e142982a37cd', 'online', 'http://usnews.com/erat.png', 'pending');
insert into posts (post_title, post_img, post_desc, post_text, post_date, post_time, fullname, profession, phone_num, additional_phone_num, post_category, post_subcategory, post_type, post_link, post_status) values ('rutrum at lorem integer tincidunt ante vel ipsum praesent blandit lacinia erat vestibulum', 'https://robohash.org/modisuntiusto.png?size=50x50&set=set1', 'Praesent lectus. Vestibulum quam sapien, varius ut, blandit non, interdum in, ante. Vestibulum ante ipsum primis in faucibus orci luctus et ultrices posuere cubilia Curae; Duis faucibus accumsan odio.', 'Donec odio justo, sollicitudin ut, suscipit a, feugiat et, eros. Vestibulum ac est lacinia nisi venenatis tristique. Fusce congue, diam id ornare imperdiet, sapien urna pretium nisl, ut volutpat sapien arcu sed augue. Aliquam erat volutpat. In congue. Etiam justo. Etiam pretium iaculis justo. In hac habitasse platea dictumst. Etiam faucibus cursus urna. Ut tellus. Nulla ut erat id mauris vulputate elementum. Nullam varius. Nulla facilisi. Cras non velit nec nisi vulputate nonummy. Maecenas tincidunt lacus at velit. Vivamus vel nulla eget eros elementum pellentesque. Quisque porta volutpat erat. Quisque erat eros, viverra eget, congue eget, semper rutrum, nulla. Nunc purus. Phasellus in felis. Donec semper sapien a libero. Nam dui. Proin leo odio, porttitor id, consequat in, consequat ut, nulla. Sed accumsan felis. Ut at dolor quis odio consequat varius. Integer ac leo. Pellentesque ultrices mattis odio. Donec vitae nisi.', '2022/02/23', '11:29', 'Ronalda Gallemore', 'Legal Assistant', '177 674 1625', '544-377-0441', '648cb87d-bae6-41d8-b23c-67ff7a61b90d', '10f31064-54e7-4baa-bf28-03d7004c38e0', 'online', 'http://studiopress.com/nulla/integer/pede.aspx', 'confired');
insert into posts (post_title, post_img, post_desc, post_text, post_date, post_time, fullname, profession, phone_num, additional_phone_num, post_category, post_subcategory, post_type, post_link, post_status) values ('euismod scelerisque quam turpis adipiscing lorem vitae mattis nibh', 'https://robohash.org/quiaetdolores.png?size=50x50&set=set1', 'Integer pede justo, lacinia eget, tincidunt eget, tempus vel, pede. Morbi porttitor lorem id ligula.', 'Integer pede justo, lacinia eget, tincidunt eget, tempus vel, pede. Morbi porttitor lorem id ligula. Suspendisse ornare consequat lectus. In est risus, auctor sed, tristique in, tempus sit amet, sem. Fusce consequat. Nulla nisl. Nunc nisl. Duis bibendum, felis sed interdum venenatis, turpis enim blandit mi, in porttitor pede justo eu massa. Donec dapibus. Duis at velit eu est congue elementum. In hac habitasse platea dictumst. Morbi vestibulum, velit id pretium iaculis, diam erat fermentum justo, nec condimentum neque sapien placerat ante.', '2022/07/27', '17:11', 'Bridie Oppery', 'Geologist IV', '924 707 3318', '517-366-2642', '449ff003-473b-4bd6-b103-b5e8b5c5092b', 'f3ebf4bf-62d5-4b3d-9935-4e7b998a5899', 'offline', 'http://hexun.com/sapien.png', 'pending');
insert into posts (post_title, post_img, post_desc, post_text, post_date, post_time, fullname, profession, phone_num, additional_phone_num, post_category, post_subcategory, post_type, post_link, post_status) values ('volutpat dui maecenas tristique est et tempus semper est', 'https://robohash.org/exadmolestias.png?size=50x50&set=set1', 'Nulla neque libero, convallis eget, eleifend luctus, ultricies eu, nibh. Quisque id justo sit amet sapien dignissim vestibulum. Vestibulum ante ipsum primis in faucibus orci luctus et ultrices posuere cubilia Curae; Nulla dapibus dolor vel est.', 'Fusce lacus purus, aliquet at, feugiat non, pretium quis, lectus. Suspendisse potenti. In eleifend quam a odio. In hac habitasse platea dictumst. Maecenas ut massa quis augue luctus tincidunt. Nulla mollis molestie lorem. Quisque ut erat. Curabitur gravida nisi at nibh. In hac habitasse platea dictumst. Aliquam augue quam, sollicitudin vitae, consectetuer eget, rutrum at, lorem. Integer tincidunt ante vel ipsum. Praesent blandit lacinia erat. Vestibulum sed magna at nunc commodo placerat. Praesent blandit. Nam nulla. Integer pede justo, lacinia eget, tincidunt eget, tempus vel, pede. Morbi porttitor lorem id ligula. Suspendisse ornare consequat lectus. In est risus, auctor sed, tristique in, tempus sit amet, sem. Fusce consequat. Nulla nisl. Nunc nisl. Duis bibendum, felis sed interdum venenatis, turpis enim blandit mi, in porttitor pede justo eu massa. Donec dapibus.', '2022/05/01', '1:48', 'Pennie Angrove', 'Systems Administrator III', '157 437 1548', '400-246-3678', '648cb87d-bae6-41d8-b23c-67ff7a61b90d', 'f3ebf4bf-62d5-4b3d-9935-4e7b998a5899', 'offline', 'https://arizona.edu/pede/justo.jpg', 'confired');
insert into posts (post_title, post_img, post_desc, post_text, post_date, post_time, fullname, profession, phone_num, additional_phone_num, post_category, post_subcategory, post_type, post_link, post_status) values ('justo sit amet sapien dignissim vestibulum vestibulum ante ipsum', 'https://robohash.org/etquirepudiandae.png?size=50x50&set=set1', 'Vivamus vel nulla eget eros elementum pellentesque. Quisque porta volutpat erat.', 'Suspendisse potenti. In eleifend quam a odio. In hac habitasse platea dictumst. Maecenas ut massa quis augue luctus tincidunt. Nulla mollis molestie lorem. Quisque ut erat. Curabitur gravida nisi at nibh. In hac habitasse platea dictumst. Aliquam augue quam, sollicitudin vitae, consectetuer eget, rutrum at, lorem. Integer tincidunt ante vel ipsum. Praesent blandit lacinia erat. Vestibulum sed magna at nunc commodo placerat. Praesent blandit. Nam nulla. Integer pede justo, lacinia eget, tincidunt eget, tempus vel, pede. Morbi porttitor lorem id ligula. Suspendisse ornare consequat lectus. In est risus, auctor sed, tristique in, tempus sit amet, sem. Fusce consequat. Nulla nisl. Nunc nisl. Duis bibendum, felis sed interdum venenatis, turpis enim blandit mi, in porttitor pede justo eu massa. Donec dapibus.', '2022/07/03', '23:02', 'Clerkclaude Copland', 'Administrative Assistant IV', '416 342 1293', '739-442-9355', '4a7bb60c-92de-4cfd-9e7a-37cf77dd36c1', '307e7bdc-a942-4b27-a763-c8e554cb021a', 'offline', 'http://pcworld.com/pellentesque/ultrices/mattis/odio.jpg', 'pending');
insert into posts (post_title, post_img, post_desc, post_text, post_date, post_time, fullname, profession, phone_num, additional_phone_num, post_category, post_subcategory, post_type, post_link, post_status) values ('sem sed sagittis nam congue risus semper porta volutpat quam pede', 'https://robohash.org/eumaliquamsit.png?size=50x50&set=set1', 'Proin eu mi. Nulla ac enim.', 'Vestibulum ante ipsum primis in faucibus orci luctus et ultrices posuere cubilia Curae; Duis faucibus accumsan odio. Curabitur convallis. Duis consequat dui nec nisi volutpat eleifend. Donec ut dolor. Morbi vel lectus in quam fringilla rhoncus. Mauris enim leo, rhoncus sed, vestibulum sit amet, cursus id, turpis. Integer aliquet, massa id lobortis convallis, tortor risus dapibus augue, vel accumsan tellus nisi eu orci. Mauris lacinia sapien quis libero. Nullam sit amet turpis elementum ligula vehicula consequat. Morbi a ipsum. Integer a nibh. In quis justo. Maecenas rhoncus aliquam lacus. Morbi quis tortor id nulla ultrices aliquet.', '2021/11/25', '14:35', 'Layla Trencher', 'Physical Therapy Assistant', '974 882 9593', '181-850-3952', '4a7bb60c-92de-4cfd-9e7a-37cf77dd36c1', '394d0191-171e-446a-9922-08644c857e4a', 'offline', 'http://usgs.gov/in/libero/ut/massa/volutpat/convallis.jsp', 'pending');
insert into posts (post_title, post_img, post_desc, post_text, post_date, post_time, fullname, profession, phone_num, additional_phone_num, post_category, post_subcategory, post_type, post_link, post_status) values ('vivamus vestibulum sagittis sapien cum sociis natoque penatibus et magnis dis parturient', 'https://robohash.org/sedsapienteblanditiis.png?size=50x50&set=set1', 'Vestibulum ante ipsum primis in faucibus orci luctus et ultrices posuere cubilia Curae; Duis faucibus accumsan odio. Curabitur convallis.', 'Aliquam quis turpis eget elit sodales scelerisque. Mauris sit amet eros. Suspendisse accumsan tortor quis turpis. Sed ante. Vivamus tortor. Duis mattis egestas metus. Aenean fermentum. Donec ut mauris eget massa tempor convallis. Nulla neque libero, convallis eget, eleifend luctus, ultricies eu, nibh. Quisque id justo sit amet sapien dignissim vestibulum. Vestibulum ante ipsum primis in faucibus orci luctus et ultrices posuere cubilia Curae; Nulla dapibus dolor vel est. Donec odio justo, sollicitudin ut, suscipit a, feugiat et, eros. Vestibulum ac est lacinia nisi venenatis tristique. Fusce congue, diam id ornare imperdiet, sapien urna pretium nisl, ut volutpat sapien arcu sed augue. Aliquam erat volutpat. In congue. Etiam justo. Etiam pretium iaculis justo. In hac habitasse platea dictumst. Etiam faucibus cursus urna. Ut tellus. Nulla ut erat id mauris vulputate elementum. Nullam varius. Nulla facilisi. Cras non velit nec nisi vulputate nonummy.', '2022/06/30', '5:16', 'Donovan Coltman', 'Geological Engineer', '847 596 3465', '934-385-6382', '648cb87d-bae6-41d8-b23c-67ff7a61b90d', 'dba0a905-7f28-41e0-95fe-e142982a37cd', 'online', 'http://hugedomains.com/luctus/et/ultrices/posuere/cubilia/curae.xml', 'pending');
insert into posts (post_title, post_img, post_desc, post_text, post_date, post_time, fullname, profession, phone_num, additional_phone_num, post_category, post_subcategory, post_type, post_link, post_status) values ('sapien cum sociis natoque penatibus et magnis dis parturient montes nascetur', 'https://robohash.org/cumquiaperiam.png?size=50x50&set=set1', 'Nulla nisl. Nunc nisl.', 'Vestibulum ante ipsum primis in faucibus orci luctus et ultrices posuere cubilia Curae; Duis faucibus accumsan odio. Curabitur convallis. Duis consequat dui nec nisi volutpat eleifend. Donec ut dolor. Morbi vel lectus in quam fringilla rhoncus. Mauris enim leo, rhoncus sed, vestibulum sit amet, cursus id, turpis. Integer aliquet, massa id lobortis convallis, tortor risus dapibus augue, vel accumsan tellus nisi eu orci. Mauris lacinia sapien quis libero. Nullam sit amet turpis elementum ligula vehicula consequat. Morbi a ipsum. Integer a nibh. In quis justo. Maecenas rhoncus aliquam lacus. Morbi quis tortor id nulla ultrices aliquet. Maecenas leo odio, condimentum id, luctus nec, molestie sed, justo. Pellentesque viverra pede ac diam. Cras pellentesque volutpat dui. Maecenas tristique, est et tempus semper, est quam pharetra magna, ac consequat metus sapien ut nunc. Vestibulum ante ipsum primis in faucibus orci luctus et ultrices posuere cubilia Curae; Mauris viverra diam vitae quam. Suspendisse potenti. Nullam porttitor lacus at turpis.', '2022/04/16', '7:06', 'Nesta O''Donoghue', 'Analyst Programmer', '778 849 2319', '931-588-4483', '4a7bb60c-92de-4cfd-9e7a-37cf77dd36c1', 'f3ebf4bf-62d5-4b3d-9935-4e7b998a5899', 'offline', 'https://theglobeandmail.com/rutrum/rutrum/neque/aenean/auctor/gravida/sem.png', 'confired');
insert into posts (post_title, post_img, post_desc, post_text, post_date, post_time, fullname, profession, phone_num, additional_phone_num, post_category, post_subcategory, post_type, post_link, post_status) values ('duis bibendum felis sed interdum venenatis turpis enim blandit mi in', 'https://robohash.org/praesentiumutculpa.png?size=50x50&set=set1', 'Proin at turpis a pede posuere nonummy. Integer non velit. Donec diam neque, vestibulum eget, vulputate ut, ultrices vel, augue.', 'Morbi quis tortor id nulla ultrices aliquet. Maecenas leo odio, condimentum id, luctus nec, molestie sed, justo. Pellentesque viverra pede ac diam. Cras pellentesque volutpat dui. Maecenas tristique, est et tempus semper, est quam pharetra magna, ac consequat metus sapien ut nunc. Vestibulum ante ipsum primis in faucibus orci luctus et ultrices posuere cubilia Curae; Mauris viverra diam vitae quam. Suspendisse potenti. Nullam porttitor lacus at turpis. Donec posuere metus vitae ipsum. Aliquam non mauris. Morbi non lectus. Aliquam sit amet diam in magna bibendum imperdiet. Nullam orci pede, venenatis non, sodales sed, tincidunt eu, felis. Fusce posuere felis sed lacus. Morbi sem mauris, laoreet ut, rhoncus aliquet, pulvinar sed, nisl. Nunc rhoncus dui vel sem. Sed sagittis. Nam congue, risus semper porta volutpat, quam pede lobortis ligula, sit amet eleifend pede libero quis orci. Nullam molestie nibh in lectus. Pellentesque at nulla. Suspendisse potenti. Cras in purus eu magna vulputate luctus. Cum sociis natoque penatibus et magnis dis parturient montes, nascetur ridiculus mus. Vivamus vestibulum sagittis sapien. Cum sociis natoque penatibus et magnis dis parturient montes, nascetur ridiculus mus. Etiam vel augue. Vestibulum rutrum rutrum neque.', '2022/03/16', '11:23', 'Merralee Widdop', 'Structural Analysis Engineer', '821 689 1349', '426-973-3781', '4a7bb60c-92de-4cfd-9e7a-37cf77dd36c1', 'd7b56899-8213-4253-8d3e-f16048ce5e80', 'offline', 'https://disqus.com/curabitur/convallis/duis/consequat/dui/nec.jsp', 'confired');
insert into posts (post_title, post_img, post_desc, post_text, post_date, post_time, fullname, profession, phone_num, additional_phone_num, post_category, post_subcategory, post_type, post_link, post_status) values ('non interdum in ante vestibulum ante ipsum primis in', 'https://robohash.org/nesciuntquiprovident.png?size=50x50&set=set1', 'Vestibulum ante ipsum primis in faucibus orci luctus et ultrices posuere cubilia Curae; Mauris viverra diam vitae quam. Suspendisse potenti. Nullam porttitor lacus at turpis.', 'Vestibulum ante ipsum primis in faucibus orci luctus et ultrices posuere cubilia Curae; Duis faucibus accumsan odio. Curabitur convallis. Duis consequat dui nec nisi volutpat eleifend. Donec ut dolor. Morbi vel lectus in quam fringilla rhoncus. Mauris enim leo, rhoncus sed, vestibulum sit amet, cursus id, turpis. Integer aliquet, massa id lobortis convallis, tortor risus dapibus augue, vel accumsan tellus nisi eu orci. Mauris lacinia sapien quis libero. Nullam sit amet turpis elementum ligula vehicula consequat. Morbi a ipsum. Integer a nibh. In quis justo. Maecenas rhoncus aliquam lacus. Morbi quis tortor id nulla ultrices aliquet. Maecenas leo odio, condimentum id, luctus nec, molestie sed, justo. Pellentesque viverra pede ac diam. Cras pellentesque volutpat dui. Maecenas tristique, est et tempus semper, est quam pharetra magna, ac consequat metus sapien ut nunc. Vestibulum ante ipsum primis in faucibus orci luctus et ultrices posuere cubilia Curae; Mauris viverra diam vitae quam. Suspendisse potenti. Nullam porttitor lacus at turpis.', '2022/03/13', '18:24', 'Janean Sighart', 'Chief Design Engineer', '156 282 3905', '687-688-5881', '449ff003-473b-4bd6-b103-b5e8b5c5092b', 'd7b56899-8213-4253-8d3e-f16048ce5e80', 'offline', 'https://ucoz.ru/odio/in/hac/habitasse/platea/dictumst/maecenas.aspx', 'confired');
insert into posts (post_title, post_img, post_desc, post_text, post_date, post_time, fullname, profession, phone_num, additional_phone_num, post_category, post_subcategory, post_type, post_link, post_status) values ('semper est quam pharetra magna ac consequat metus sapien ut', 'https://robohash.org/reiciendisrerumnon.png?size=50x50&set=set1', 'Integer ac leo. Pellentesque ultrices mattis odio. Donec vitae nisi.', 'Cras pellentesque volutpat dui. Maecenas tristique, est et tempus semper, est quam pharetra magna, ac consequat metus sapien ut nunc. Vestibulum ante ipsum primis in faucibus orci luctus et ultrices posuere cubilia Curae; Mauris viverra diam vitae quam. Suspendisse potenti. Nullam porttitor lacus at turpis. Donec posuere metus vitae ipsum. Aliquam non mauris. Morbi non lectus. Aliquam sit amet diam in magna bibendum imperdiet. Nullam orci pede, venenatis non, sodales sed, tincidunt eu, felis. Fusce posuere felis sed lacus. Morbi sem mauris, laoreet ut, rhoncus aliquet, pulvinar sed, nisl. Nunc rhoncus dui vel sem. Sed sagittis. Nam congue, risus semper porta volutpat, quam pede lobortis ligula, sit amet eleifend pede libero quis orci. Nullam molestie nibh in lectus. Pellentesque at nulla. Suspendisse potenti. Cras in purus eu magna vulputate luctus. Cum sociis natoque penatibus et magnis dis parturient montes, nascetur ridiculus mus.', '2021/08/11', '12:43', 'Tildie Digle', 'Staff Scientist', '927 927 5436', '383-151-3308', '648cb87d-bae6-41d8-b23c-67ff7a61b90d', 'f3ebf4bf-62d5-4b3d-9935-4e7b998a5899', 'online', 'http://tiny.cc/adipiscing/lorem/vitae.aspx', 'pending');
insert into posts (post_title, post_img, post_desc, post_text, post_date, post_time, fullname, profession, phone_num, additional_phone_num, post_category, post_subcategory, post_type, post_link, post_status) values ('non interdum in ante vestibulum ante', 'https://robohash.org/solutalaborumullam.png?size=50x50&set=set1', 'Cras in purus eu magna vulputate luctus. Cum sociis natoque penatibus et magnis dis parturient montes, nascetur ridiculus mus.', 'Morbi non lectus. Aliquam sit amet diam in magna bibendum imperdiet. Nullam orci pede, venenatis non, sodales sed, tincidunt eu, felis. Fusce posuere felis sed lacus. Morbi sem mauris, laoreet ut, rhoncus aliquet, pulvinar sed, nisl. Nunc rhoncus dui vel sem. Sed sagittis. Nam congue, risus semper porta volutpat, quam pede lobortis ligula, sit amet eleifend pede libero quis orci. Nullam molestie nibh in lectus. Pellentesque at nulla. Suspendisse potenti. Cras in purus eu magna vulputate luctus. Cum sociis natoque penatibus et magnis dis parturient montes, nascetur ridiculus mus. Vivamus vestibulum sagittis sapien. Cum sociis natoque penatibus et magnis dis parturient montes, nascetur ridiculus mus. Etiam vel augue. Vestibulum rutrum rutrum neque. Aenean auctor gravida sem. Praesent id massa id nisl venenatis lacinia. Aenean sit amet justo. Morbi ut odio. Cras mi pede, malesuada in, imperdiet et, commodo vulputate, justo. In blandit ultrices enim. Lorem ipsum dolor sit amet, consectetuer adipiscing elit. Proin interdum mauris non ligula pellentesque ultrices. Phasellus id sapien in sapien iaculis congue. Vivamus metus arcu, adipiscing molestie, hendrerit at, vulputate vitae, nisl. Aenean lectus. Pellentesque eget nunc.', '2021/11/19', '4:38', 'Obadias Hawton', 'Dental Hygienist', '135 808 6810', '476-463-6249', '648cb87d-bae6-41d8-b23c-67ff7a61b90d', '0a18763e-cb44-46de-a4c7-6f9ff3379acf', 'online', 'https://gmpg.org/augue/a.xml', 'confired');
insert into posts (post_title, post_img, post_desc, post_text, post_date, post_time, fullname, profession, phone_num, additional_phone_num, post_category, post_subcategory, post_type, post_link, post_status) values ('diam in magna bibendum imperdiet nullam', 'https://robohash.org/etpariaturdolor.png?size=50x50&set=set1', 'Vestibulum rutrum rutrum neque. Aenean auctor gravida sem.', 'Integer pede justo, lacinia eget, tincidunt eget, tempus vel, pede. Morbi porttitor lorem id ligula. Suspendisse ornare consequat lectus. In est risus, auctor sed, tristique in, tempus sit amet, sem. Fusce consequat. Nulla nisl. Nunc nisl. Duis bibendum, felis sed interdum venenatis, turpis enim blandit mi, in porttitor pede justo eu massa. Donec dapibus. Duis at velit eu est congue elementum. In hac habitasse platea dictumst. Morbi vestibulum, velit id pretium iaculis, diam erat fermentum justo, nec condimentum neque sapien placerat ante. Nulla justo. Aliquam quis turpis eget elit sodales scelerisque. Mauris sit amet eros. Suspendisse accumsan tortor quis turpis. Sed ante. Vivamus tortor. Duis mattis egestas metus. Aenean fermentum. Donec ut mauris eget massa tempor convallis. Nulla neque libero, convallis eget, eleifend luctus, ultricies eu, nibh. Quisque id justo sit amet sapien dignissim vestibulum. Vestibulum ante ipsum primis in faucibus orci luctus et ultrices posuere cubilia Curae; Nulla dapibus dolor vel est. Donec odio justo, sollicitudin ut, suscipit a, feugiat et, eros. Vestibulum ac est lacinia nisi venenatis tristique. Fusce congue, diam id ornare imperdiet, sapien urna pretium nisl, ut volutpat sapien arcu sed augue. Aliquam erat volutpat. In congue. Etiam justo.', '2021/11/17', '10:46', 'Kassia Youle', 'Speech Pathologist', '439 879 6429', '140-912-7897', '449ff003-473b-4bd6-b103-b5e8b5c5092b', '307e7bdc-a942-4b27-a763-c8e554cb021a', 'offline', 'http://icio.us/quisque/porta/volutpat/erat.jsp', 'confired');
insert into posts (post_title, post_img, post_desc, post_text, post_date, post_time, fullname, profession, phone_num, additional_phone_num, post_category, post_subcategory, post_type, post_link, post_status) values ('proin risus praesent lectus vestibulum quam sapien varius ut blandit non interdum', 'https://robohash.org/quieumcorrupti.png?size=50x50&set=set1', 'Ut at dolor quis odio consequat varius. Integer ac leo. Pellentesque ultrices mattis odio.', 'Morbi quis tortor id nulla ultrices aliquet. Maecenas leo odio, condimentum id, luctus nec, molestie sed, justo. Pellentesque viverra pede ac diam. Cras pellentesque volutpat dui. Maecenas tristique, est et tempus semper, est quam pharetra magna, ac consequat metus sapien ut nunc. Vestibulum ante ipsum primis in faucibus orci luctus et ultrices posuere cubilia Curae; Mauris viverra diam vitae quam. Suspendisse potenti. Nullam porttitor lacus at turpis. Donec posuere metus vitae ipsum. Aliquam non mauris.', '2022/07/25', '10:01', 'Findley Edden', 'Account Representative II', '530 977 7256', '968-980-5607', '9919b50f-580e-49a4-bff3-83fe7850e539', '10f31064-54e7-4baa-bf28-03d7004c38e0', 'online', 'https://time.com/in/felis/donec/semper.js', 'confired');
insert into posts (post_title, post_img, post_desc, post_text, post_date, post_time, fullname, profession, phone_num, additional_phone_num, post_category, post_subcategory, post_type, post_link, post_status) values ('semper est quam pharetra magna', 'https://robohash.org/etinciduntid.png?size=50x50&set=set1', 'Integer pede justo, lacinia eget, tincidunt eget, tempus vel, pede. Morbi porttitor lorem id ligula.', 'Suspendisse potenti. Nullam porttitor lacus at turpis. Donec posuere metus vitae ipsum. Aliquam non mauris. Morbi non lectus. Aliquam sit amet diam in magna bibendum imperdiet. Nullam orci pede, venenatis non, sodales sed, tincidunt eu, felis. Fusce posuere felis sed lacus. Morbi sem mauris, laoreet ut, rhoncus aliquet, pulvinar sed, nisl. Nunc rhoncus dui vel sem. Sed sagittis. Nam congue, risus semper porta volutpat, quam pede lobortis ligula, sit amet eleifend pede libero quis orci. Nullam molestie nibh in lectus. Pellentesque at nulla. Suspendisse potenti. Cras in purus eu magna vulputate luctus.', '2022/01/23', '22:08', 'Maurie Glendzer', 'GIS Technical Architect', '103 713 7178', '490-357-4120', '9919b50f-580e-49a4-bff3-83fe7850e539', 'd7b56899-8213-4253-8d3e-f16048ce5e80', 'online', 'http://biglobe.ne.jp/sapien/cursus/vestibulum.png', 'pending');
insert into posts (post_title, post_img, post_desc, post_text, post_date, post_time, fullname, profession, phone_num, additional_phone_num, post_category, post_subcategory, post_type, post_link, post_status) values ('interdum in ante vestibulum ante ipsum primis in faucibus orci luctus', 'https://robohash.org/quosminusveniam.png?size=50x50&set=set1', 'Mauris lacinia sapien quis libero. Nullam sit amet turpis elementum ligula vehicula consequat.', 'Duis consequat dui nec nisi volutpat eleifend. Donec ut dolor. Morbi vel lectus in quam fringilla rhoncus. Mauris enim leo, rhoncus sed, vestibulum sit amet, cursus id, turpis. Integer aliquet, massa id lobortis convallis, tortor risus dapibus augue, vel accumsan tellus nisi eu orci. Mauris lacinia sapien quis libero. Nullam sit amet turpis elementum ligula vehicula consequat. Morbi a ipsum. Integer a nibh. In quis justo. Maecenas rhoncus aliquam lacus. Morbi quis tortor id nulla ultrices aliquet. Maecenas leo odio, condimentum id, luctus nec, molestie sed, justo. Pellentesque viverra pede ac diam.', '2022/04/22', '20:32', 'Winnifred Pickworth', 'Account Coordinator', '887 663 8961', '906-333-3761', '4a7bb60c-92de-4cfd-9e7a-37cf77dd36c1', '0a18763e-cb44-46de-a4c7-6f9ff3379acf', 'offline', 'http://washington.edu/lectus/pellentesque/eget/nunc/donec.js', 'confired');
insert into posts (post_title, post_img, post_desc, post_text, post_date, post_time, fullname, profession, phone_num, additional_phone_num, post_category, post_subcategory, post_type, post_link, post_status) values ('lacinia erat vestibulum sed magna at nunc commodo placerat', 'https://robohash.org/magnamautatque.png?size=50x50&set=set1', 'Nulla ac enim. In tempor, turpis nec euismod scelerisque, quam turpis adipiscing lorem, vitae mattis nibh ligula nec sem.', 'Vivamus metus arcu, adipiscing molestie, hendrerit at, vulputate vitae, nisl. Aenean lectus. Pellentesque eget nunc. Donec quis orci eget orci vehicula condimentum. Curabitur in libero ut massa volutpat convallis. Morbi odio odio, elementum eu, interdum eu, tincidunt in, leo. Maecenas pulvinar lobortis est. Phasellus sit amet erat. Nulla tempus. Vivamus in felis eu sapien cursus vestibulum. Proin eu mi. Nulla ac enim. In tempor, turpis nec euismod scelerisque, quam turpis adipiscing lorem, vitae mattis nibh ligula nec sem. Duis aliquam convallis nunc. Proin at turpis a pede posuere nonummy. Integer non velit. Donec diam neque, vestibulum eget, vulputate ut, ultrices vel, augue. Vestibulum ante ipsum primis in faucibus orci luctus et ultrices posuere cubilia Curae; Donec pharetra, magna vestibulum aliquet ultrices, erat tortor sollicitudin mi, sit amet lobortis sapien sapien non mi. Integer ac neque. Duis bibendum. Morbi non quam nec dui luctus rutrum. Nulla tellus.', '2021/12/01', '9:29', 'Crissy Cosgrive', 'Pharmacist', '236 908 0678', '771-605-5075', '449ff003-473b-4bd6-b103-b5e8b5c5092b', 'd7b56899-8213-4253-8d3e-f16048ce5e80', 'online', 'http://oracle.com/felis/fusce/posuere/felis/sed/lacus/morbi.html', 'pending');
insert into posts (post_title, post_img, post_desc, post_text, post_date, post_time, fullname, profession, phone_num, additional_phone_num, post_category, post_subcategory, post_type, post_link, post_status) values ('luctus nec molestie sed justo pellentesque viverra pede ac diam cras pellentesque volutpat dui', 'https://robohash.org/nonquiquaerat.png?size=50x50&set=set1', 'Mauris sit amet eros. Suspendisse accumsan tortor quis turpis. Sed ante.', 'Vestibulum ante ipsum primis in faucibus orci luctus et ultrices posuere cubilia Curae; Nulla dapibus dolor vel est. Donec odio justo, sollicitudin ut, suscipit a, feugiat et, eros. Vestibulum ac est lacinia nisi venenatis tristique. Fusce congue, diam id ornare imperdiet, sapien urna pretium nisl, ut volutpat sapien arcu sed augue. Aliquam erat volutpat. In congue. Etiam justo. Etiam pretium iaculis justo. In hac habitasse platea dictumst. Etiam faucibus cursus urna. Ut tellus. Nulla ut erat id mauris vulputate elementum. Nullam varius. Nulla facilisi. Cras non velit nec nisi vulputate nonummy. Maecenas tincidunt lacus at velit. Vivamus vel nulla eget eros elementum pellentesque. Quisque porta volutpat erat. Quisque erat eros, viverra eget, congue eget, semper rutrum, nulla. Nunc purus. Phasellus in felis. Donec semper sapien a libero. Nam dui. Proin leo odio, porttitor id, consequat in, consequat ut, nulla. Sed accumsan felis. Ut at dolor quis odio consequat varius. Integer ac leo.', '2022/05/29', '7:52', 'Isac Cremen', 'Sales Associate', '844 147 9177', '956-410-0465', '9919b50f-580e-49a4-bff3-83fe7850e539', '307e7bdc-a942-4b27-a763-c8e554cb021a', 'online', 'https://github.com/nulla/sed/vel/enim/sit.aspx', 'pending');
insert into posts (post_title, post_img, post_desc, post_text, post_date, post_time, fullname, profession, phone_num, additional_phone_num, post_category, post_subcategory, post_type, post_link, post_status) values ('congue eget semper rutrum nulla nunc', 'https://robohash.org/odiovelid.png?size=50x50&set=set1', 'Lorem ipsum dolor sit amet, consectetuer adipiscing elit. Proin interdum mauris non ligula pellentesque ultrices.', 'Proin at turpis a pede posuere nonummy. Integer non velit. Donec diam neque, vestibulum eget, vulputate ut, ultrices vel, augue. Vestibulum ante ipsum primis in faucibus orci luctus et ultrices posuere cubilia Curae; Donec pharetra, magna vestibulum aliquet ultrices, erat tortor sollicitudin mi, sit amet lobortis sapien sapien non mi. Integer ac neque. Duis bibendum. Morbi non quam nec dui luctus rutrum. Nulla tellus. In sagittis dui vel nisl. Duis ac nibh. Fusce lacus purus, aliquet at, feugiat non, pretium quis, lectus. Suspendisse potenti. In eleifend quam a odio. In hac habitasse platea dictumst. Maecenas ut massa quis augue luctus tincidunt. Nulla mollis molestie lorem. Quisque ut erat. Curabitur gravida nisi at nibh. In hac habitasse platea dictumst. Aliquam augue quam, sollicitudin vitae, consectetuer eget, rutrum at, lorem. Integer tincidunt ante vel ipsum. Praesent blandit lacinia erat. Vestibulum sed magna at nunc commodo placerat. Praesent blandit.', '2022/01/27', '21:40', 'Kareem Rasmus', 'Structural Analysis Engineer', '772 803 1908', '602-695-8941', '9919b50f-580e-49a4-bff3-83fe7850e539', '394d0191-171e-446a-9922-08644c857e4a', 'offline', 'https://harvard.edu/etiam/vel/augue/vestibulum/rutrum/rutrum.jpg', 'pending');
insert into posts (post_title, post_img, post_desc, post_text, post_date, post_time, fullname, profession, phone_num, additional_phone_num, post_category, post_subcategory, post_type, post_link, post_status) values ('dapibus nulla suscipit ligula in lacus curabitur at ipsum ac tellus semper', 'https://robohash.org/teneturetest.png?size=50x50&set=set1', 'Integer ac leo. Pellentesque ultrices mattis odio.', 'Sed sagittis. Nam congue, risus semper porta volutpat, quam pede lobortis ligula, sit amet eleifend pede libero quis orci. Nullam molestie nibh in lectus. Pellentesque at nulla. Suspendisse potenti. Cras in purus eu magna vulputate luctus. Cum sociis natoque penatibus et magnis dis parturient montes, nascetur ridiculus mus. Vivamus vestibulum sagittis sapien. Cum sociis natoque penatibus et magnis dis parturient montes, nascetur ridiculus mus. Etiam vel augue. Vestibulum rutrum rutrum neque. Aenean auctor gravida sem. Praesent id massa id nisl venenatis lacinia. Aenean sit amet justo. Morbi ut odio.', '2021/09/24', '3:54', 'Torrin Storre', 'VP Accounting', '615 265 7623', '138-597-8795', '9919b50f-580e-49a4-bff3-83fe7850e539', '10f31064-54e7-4baa-bf28-03d7004c38e0', 'online', 'http://state.tx.us/potenti.jpg', 'pending');
insert into posts (post_title, post_img, post_desc, post_text, post_date, post_time, fullname, profession, phone_num, additional_phone_num, post_category, post_subcategory, post_type, post_link, post_status) values ('magna vulputate luctus cum sociis natoque penatibus et magnis', 'https://robohash.org/iustooptioet.png?size=50x50&set=set1', 'Suspendisse ornare consequat lectus.', 'Etiam justo. Etiam pretium iaculis justo. In hac habitasse platea dictumst. Etiam faucibus cursus urna. Ut tellus. Nulla ut erat id mauris vulputate elementum. Nullam varius. Nulla facilisi. Cras non velit nec nisi vulputate nonummy. Maecenas tincidunt lacus at velit. Vivamus vel nulla eget eros elementum pellentesque. Quisque porta volutpat erat. Quisque erat eros, viverra eget, congue eget, semper rutrum, nulla. Nunc purus.', '2022/06/10', '17:17', 'Fey Davidy', 'Senior Quality Engineer', '439 841 5808', '774-967-1924', '4a7bb60c-92de-4cfd-9e7a-37cf77dd36c1', '394d0191-171e-446a-9922-08644c857e4a', 'online', 'https://gizmodo.com/sapien/quis/libero/nullam/sit.js', 'confired');
insert into posts (post_title, post_img, post_desc, post_text, post_date, post_time, fullname, profession, phone_num, additional_phone_num, post_category, post_subcategory, post_type, post_link, post_status) values ('porttitor id consequat in consequat ut nulla sed accumsan felis ut', 'https://robohash.org/corruptidolorerepellat.png?size=50x50&set=set1', 'Nam dui.', 'Vestibulum quam sapien, varius ut, blandit non, interdum in, ante. Vestibulum ante ipsum primis in faucibus orci luctus et ultrices posuere cubilia Curae; Duis faucibus accumsan odio. Curabitur convallis. Duis consequat dui nec nisi volutpat eleifend. Donec ut dolor. Morbi vel lectus in quam fringilla rhoncus. Mauris enim leo, rhoncus sed, vestibulum sit amet, cursus id, turpis. Integer aliquet, massa id lobortis convallis, tortor risus dapibus augue, vel accumsan tellus nisi eu orci. Mauris lacinia sapien quis libero. Nullam sit amet turpis elementum ligula vehicula consequat. Morbi a ipsum. Integer a nibh. In quis justo. Maecenas rhoncus aliquam lacus. Morbi quis tortor id nulla ultrices aliquet.', '2022/03/09', '6:37', 'Jehanna Heckney', 'VP Product Management', '569 143 6529', '796-870-9839', '4a7bb60c-92de-4cfd-9e7a-37cf77dd36c1', 'd2cf515c-0fa4-4b91-a95d-639df73c6f29', 'online', 'http://tiny.cc/sit/amet/eleifend/pede/libero.html', 'confired');
insert into posts (post_title, post_img, post_desc, post_text, post_date, post_time, fullname, profession, phone_num, additional_phone_num, post_category, post_subcategory, post_type, post_link, post_status) values ('est congue elementum in hac habitasse platea dictumst morbi vestibulum velit', 'https://robohash.org/exquisquamquas.png?size=50x50&set=set1', 'Donec dapibus.', 'In quis justo. Maecenas rhoncus aliquam lacus. Morbi quis tortor id nulla ultrices aliquet. Maecenas leo odio, condimentum id, luctus nec, molestie sed, justo. Pellentesque viverra pede ac diam. Cras pellentesque volutpat dui. Maecenas tristique, est et tempus semper, est quam pharetra magna, ac consequat metus sapien ut nunc. Vestibulum ante ipsum primis in faucibus orci luctus et ultrices posuere cubilia Curae; Mauris viverra diam vitae quam. Suspendisse potenti. Nullam porttitor lacus at turpis. Donec posuere metus vitae ipsum. Aliquam non mauris. Morbi non lectus. Aliquam sit amet diam in magna bibendum imperdiet. Nullam orci pede, venenatis non, sodales sed, tincidunt eu, felis. Fusce posuere felis sed lacus. Morbi sem mauris, laoreet ut, rhoncus aliquet, pulvinar sed, nisl. Nunc rhoncus dui vel sem. Sed sagittis. Nam congue, risus semper porta volutpat, quam pede lobortis ligula, sit amet eleifend pede libero quis orci. Nullam molestie nibh in lectus. Pellentesque at nulla. Suspendisse potenti. Cras in purus eu magna vulputate luctus. Cum sociis natoque penatibus et magnis dis parturient montes, nascetur ridiculus mus.', '2021/09/14', '6:08', 'Sela Dolley', 'Software Test Engineer I', '146 304 8807', '603-819-4357', '9919b50f-580e-49a4-bff3-83fe7850e539', '10f31064-54e7-4baa-bf28-03d7004c38e0', 'offline', 'http://ftc.gov/odio/consequat/varius/integer/ac/leo.jsp', 'confired');
insert into posts (post_title, post_img, post_desc, post_text, post_date, post_time, fullname, profession, phone_num, additional_phone_num, post_category, post_subcategory, post_type, post_link, post_status) values ('mi in porttitor pede justo eu massa donec dapibus duis', 'https://robohash.org/remteneturdicta.png?size=50x50&set=set1', 'Suspendisse potenti. Cras in purus eu magna vulputate luctus. Cum sociis natoque penatibus et magnis dis parturient montes, nascetur ridiculus mus.', 'Proin interdum mauris non ligula pellentesque ultrices. Phasellus id sapien in sapien iaculis congue. Vivamus metus arcu, adipiscing molestie, hendrerit at, vulputate vitae, nisl. Aenean lectus. Pellentesque eget nunc. Donec quis orci eget orci vehicula condimentum. Curabitur in libero ut massa volutpat convallis. Morbi odio odio, elementum eu, interdum eu, tincidunt in, leo. Maecenas pulvinar lobortis est. Phasellus sit amet erat. Nulla tempus. Vivamus in felis eu sapien cursus vestibulum. Proin eu mi. Nulla ac enim. In tempor, turpis nec euismod scelerisque, quam turpis adipiscing lorem, vitae mattis nibh ligula nec sem. Duis aliquam convallis nunc. Proin at turpis a pede posuere nonummy. Integer non velit. Donec diam neque, vestibulum eget, vulputate ut, ultrices vel, augue. Vestibulum ante ipsum primis in faucibus orci luctus et ultrices posuere cubilia Curae; Donec pharetra, magna vestibulum aliquet ultrices, erat tortor sollicitudin mi, sit amet lobortis sapien sapien non mi. Integer ac neque. Duis bibendum. Morbi non quam nec dui luctus rutrum. Nulla tellus. In sagittis dui vel nisl. Duis ac nibh. Fusce lacus purus, aliquet at, feugiat non, pretium quis, lectus. Suspendisse potenti. In eleifend quam a odio.', '2021/09/09', '9:37', 'Brucie Illesley', 'Civil Engineer', '553 389 1872', '583-939-7132', '449ff003-473b-4bd6-b103-b5e8b5c5092b', '0a18763e-cb44-46de-a4c7-6f9ff3379acf', 'offline', 'http://facebook.com/ante/vel/ipsum/praesent/blandit/lacinia.png', 'pending');
insert into posts (post_title, post_img, post_desc, post_text, post_date, post_time, fullname, profession, phone_num, additional_phone_num, post_category, post_subcategory, post_type, post_link, post_status) values ('ultrices posuere cubilia curae donec pharetra magna vestibulum', 'https://robohash.org/undemodirepellat.png?size=50x50&set=set1', 'Integer non velit.', 'Suspendisse potenti. In eleifend quam a odio. In hac habitasse platea dictumst. Maecenas ut massa quis augue luctus tincidunt. Nulla mollis molestie lorem. Quisque ut erat. Curabitur gravida nisi at nibh. In hac habitasse platea dictumst. Aliquam augue quam, sollicitudin vitae, consectetuer eget, rutrum at, lorem. Integer tincidunt ante vel ipsum. Praesent blandit lacinia erat. Vestibulum sed magna at nunc commodo placerat. Praesent blandit. Nam nulla. Integer pede justo, lacinia eget, tincidunt eget, tempus vel, pede. Morbi porttitor lorem id ligula. Suspendisse ornare consequat lectus. In est risus, auctor sed, tristique in, tempus sit amet, sem. Fusce consequat. Nulla nisl. Nunc nisl. Duis bibendum, felis sed interdum venenatis, turpis enim blandit mi, in porttitor pede justo eu massa. Donec dapibus. Duis at velit eu est congue elementum. In hac habitasse platea dictumst. Morbi vestibulum, velit id pretium iaculis, diam erat fermentum justo, nec condimentum neque sapien placerat ante. Nulla justo. Aliquam quis turpis eget elit sodales scelerisque. Mauris sit amet eros.', '2022/04/02', '12:57', 'La verne Dalgleish', 'Senior Financial Analyst', '782 121 1764', '470-583-9625', '9919b50f-580e-49a4-bff3-83fe7850e539', '307e7bdc-a942-4b27-a763-c8e554cb021a', 'online', 'http://vk.com/maecenas.aspx', 'confired');
insert into posts (post_title, post_img, post_desc, post_text, post_date, post_time, fullname, profession, phone_num, additional_phone_num, post_category, post_subcategory, post_type, post_link, post_status) values ('orci eget orci vehicula condimentum curabitur in libero ut massa', 'https://robohash.org/cumquesapienteillo.png?size=50x50&set=set1', 'Phasellus sit amet erat.', 'Maecenas rhoncus aliquam lacus. Morbi quis tortor id nulla ultrices aliquet. Maecenas leo odio, condimentum id, luctus nec, molestie sed, justo. Pellentesque viverra pede ac diam. Cras pellentesque volutpat dui. Maecenas tristique, est et tempus semper, est quam pharetra magna, ac consequat metus sapien ut nunc. Vestibulum ante ipsum primis in faucibus orci luctus et ultrices posuere cubilia Curae; Mauris viverra diam vitae quam. Suspendisse potenti. Nullam porttitor lacus at turpis. Donec posuere metus vitae ipsum. Aliquam non mauris. Morbi non lectus. Aliquam sit amet diam in magna bibendum imperdiet. Nullam orci pede, venenatis non, sodales sed, tincidunt eu, felis. Fusce posuere felis sed lacus. Morbi sem mauris, laoreet ut, rhoncus aliquet, pulvinar sed, nisl. Nunc rhoncus dui vel sem. Sed sagittis. Nam congue, risus semper porta volutpat, quam pede lobortis ligula, sit amet eleifend pede libero quis orci. Nullam molestie nibh in lectus. Pellentesque at nulla. Suspendisse potenti. Cras in purus eu magna vulputate luctus. Cum sociis natoque penatibus et magnis dis parturient montes, nascetur ridiculus mus.', '2021/08/27', '21:40', 'Danya Rodway', 'Health Coach III', '979 413 8363', '899-540-9820', '449ff003-473b-4bd6-b103-b5e8b5c5092b', 'd7b56899-8213-4253-8d3e-f16048ce5e80', 'offline', 'http://liveinternet.ru/laoreet/ut/rhoncus/aliquet/pulvinar/sed.png', 'pending');
insert into posts (post_title, post_img, post_desc, post_text, post_date, post_time, fullname, profession, phone_num, additional_phone_num, post_category, post_subcategory, post_type, post_link, post_status) values ('porta volutpat quam pede lobortis ligula sit', 'https://robohash.org/eumcommodimaxime.png?size=50x50&set=set1', 'Aliquam non mauris. Morbi non lectus.', 'Duis consequat dui nec nisi volutpat eleifend. Donec ut dolor. Morbi vel lectus in quam fringilla rhoncus. Mauris enim leo, rhoncus sed, vestibulum sit amet, cursus id, turpis. Integer aliquet, massa id lobortis convallis, tortor risus dapibus augue, vel accumsan tellus nisi eu orci. Mauris lacinia sapien quis libero. Nullam sit amet turpis elementum ligula vehicula consequat. Morbi a ipsum. Integer a nibh. In quis justo. Maecenas rhoncus aliquam lacus. Morbi quis tortor id nulla ultrices aliquet. Maecenas leo odio, condimentum id, luctus nec, molestie sed, justo. Pellentesque viverra pede ac diam. Cras pellentesque volutpat dui. Maecenas tristique, est et tempus semper, est quam pharetra magna, ac consequat metus sapien ut nunc. Vestibulum ante ipsum primis in faucibus orci luctus et ultrices posuere cubilia Curae; Mauris viverra diam vitae quam. Suspendisse potenti. Nullam porttitor lacus at turpis. Donec posuere metus vitae ipsum. Aliquam non mauris. Morbi non lectus. Aliquam sit amet diam in magna bibendum imperdiet. Nullam orci pede, venenatis non, sodales sed, tincidunt eu, felis. Fusce posuere felis sed lacus. Morbi sem mauris, laoreet ut, rhoncus aliquet, pulvinar sed, nisl. Nunc rhoncus dui vel sem.', '2022/03/20', '15:17', 'Carolynn O''Breen', 'Executive Secretary', '243 609 5796', '152-345-7462', '648cb87d-bae6-41d8-b23c-67ff7a61b90d', '0a18763e-cb44-46de-a4c7-6f9ff3379acf', 'online', 'https://jalbum.net/at.jpg', 'pending');
insert into posts (post_title, post_img, post_desc, post_text, post_date, post_time, fullname, profession, phone_num, additional_phone_num, post_category, post_subcategory, post_type, post_link, post_status) values ('semper est quam pharetra magna ac consequat metus sapien ut nunc', 'https://robohash.org/doloreserrorblanditiis.png?size=50x50&set=set1', 'Sed accumsan felis. Ut at dolor quis odio consequat varius.', 'Suspendisse potenti. Nullam porttitor lacus at turpis. Donec posuere metus vitae ipsum. Aliquam non mauris. Morbi non lectus. Aliquam sit amet diam in magna bibendum imperdiet. Nullam orci pede, venenatis non, sodales sed, tincidunt eu, felis. Fusce posuere felis sed lacus. Morbi sem mauris, laoreet ut, rhoncus aliquet, pulvinar sed, nisl. Nunc rhoncus dui vel sem. Sed sagittis.', '2022/01/30', '1:00', 'Marice Ebbage', 'Pharmacist', '604 136 1776', '813-551-2599', '4a7bb60c-92de-4cfd-9e7a-37cf77dd36c1', '394d0191-171e-446a-9922-08644c857e4a', 'online', 'http://multiply.com/justo/pellentesque/viverra/pede/ac/diam/cras.jpg', 'pending');
insert into posts (post_title, post_img, post_desc, post_text, post_date, post_time, fullname, profession, phone_num, additional_phone_num, post_category, post_subcategory, post_type, post_link, post_status) values ('nec nisi volutpat eleifend donec ut dolor morbi', 'https://robohash.org/aliquamdoloremeum.png?size=50x50&set=set1', 'Cras pellentesque volutpat dui.', 'Integer a nibh. In quis justo. Maecenas rhoncus aliquam lacus. Morbi quis tortor id nulla ultrices aliquet. Maecenas leo odio, condimentum id, luctus nec, molestie sed, justo. Pellentesque viverra pede ac diam. Cras pellentesque volutpat dui. Maecenas tristique, est et tempus semper, est quam pharetra magna, ac consequat metus sapien ut nunc. Vestibulum ante ipsum primis in faucibus orci luctus et ultrices posuere cubilia Curae; Mauris viverra diam vitae quam. Suspendisse potenti. Nullam porttitor lacus at turpis. Donec posuere metus vitae ipsum. Aliquam non mauris. Morbi non lectus.', '2021/09/23', '1:46', 'Marcelia Gerrill', 'Actuary', '364 268 7579', '202-908-4597', '648cb87d-bae6-41d8-b23c-67ff7a61b90d', 'd2cf515c-0fa4-4b91-a95d-639df73c6f29', 'online', 'http://goo.gl/congue/vivamus/metus.jpg', 'confired');
insert into posts (post_title, post_img, post_desc, post_text, post_date, post_time, fullname, profession, phone_num, additional_phone_num, post_category, post_subcategory, post_type, post_link, post_status) values ('ac tellus semper interdum mauris ullamcorper purus sit amet nulla quisque arcu libero rutrum', 'https://robohash.org/laborumquasifacere.png?size=50x50&set=set1', 'Vestibulum quam sapien, varius ut, blandit non, interdum in, ante. Vestibulum ante ipsum primis in faucibus orci luctus et ultrices posuere cubilia Curae; Duis faucibus accumsan odio.', 'Aliquam sit amet diam in magna bibendum imperdiet. Nullam orci pede, venenatis non, sodales sed, tincidunt eu, felis. Fusce posuere felis sed lacus. Morbi sem mauris, laoreet ut, rhoncus aliquet, pulvinar sed, nisl. Nunc rhoncus dui vel sem. Sed sagittis. Nam congue, risus semper porta volutpat, quam pede lobortis ligula, sit amet eleifend pede libero quis orci. Nullam molestie nibh in lectus. Pellentesque at nulla. Suspendisse potenti. Cras in purus eu magna vulputate luctus. Cum sociis natoque penatibus et magnis dis parturient montes, nascetur ridiculus mus. Vivamus vestibulum sagittis sapien. Cum sociis natoque penatibus et magnis dis parturient montes, nascetur ridiculus mus. Etiam vel augue. Vestibulum rutrum rutrum neque. Aenean auctor gravida sem. Praesent id massa id nisl venenatis lacinia. Aenean sit amet justo. Morbi ut odio. Cras mi pede, malesuada in, imperdiet et, commodo vulputate, justo. In blandit ultrices enim. Lorem ipsum dolor sit amet, consectetuer adipiscing elit. Proin interdum mauris non ligula pellentesque ultrices. Phasellus id sapien in sapien iaculis congue. Vivamus metus arcu, adipiscing molestie, hendrerit at, vulputate vitae, nisl. Aenean lectus. Pellentesque eget nunc. Donec quis orci eget orci vehicula condimentum.', '2022/06/23', '9:37', 'Leta Maeer', 'Professor', '813 562 4946', '470-992-0123', '648cb87d-bae6-41d8-b23c-67ff7a61b90d', 'dba0a905-7f28-41e0-95fe-e142982a37cd', 'offline', 'https://ebay.co.uk/integer/a/nibh/in/quis/justo/maecenas.jsp', 'pending');